Workbook

Sheet Übersicht
A1: Durchlaufzeit-Analyse — Auftrag bis Ware hat Lager verlassen
A2: elvinci.de GmbH · Stand 19.08.2026 · erstellt aus AMM AUFTRAG_STATUS-Snapshots + Fulfilment-Pipeline-Excel
A4: KENNZAHLEN GESAMT
A5: Quelle 1 — AMM-Snapshot-Diff (Apr–Aug 2026, AMM-Eintrag → Lager-Exit)
A6: Auswertbare Aufträge | B6: =COUNT('Rohdaten AMM'!C2:C194) -> 193
A7: Ø Durchlaufzeit (Tage) | B7: =AVERAGE('Rohdaten AMM'!C2:C194) -> 12.88601
A8: Median (Tage) — robustere Steuerungsgröße | B8: =MEDIAN('Rohdaten AMM'!C2:C194) -> 9
A9: Max (Tage) | B9: =MAX('Rohdaten AMM'!C2:C194) -> 101
A10: Ø Mess-Unsicherheit (± Tage, aus Snapshot-Lücken) | B10: =AVERAGE('Rohdaten AMM'!D2:D194)/2 -> 4.4870466
A12: Quelle 2 — Fulfilment-Pipeline (Jan–Apr 2026, Anmeldung → Versand/Abholung)
A13: Auswertbare Aufträge (Storno bereinigt) | B13: =COUNT('Rohdaten Pipeline'!C2:C89) -> 88
A14: Ø Durchlaufzeit (Tage) | B14: =AVERAGE('Rohdaten Pipeline'!C2:C89) -> 8.1022727
A15: Median (Tage) | B15: =MEDIAN('Rohdaten Pipeline'!C2:C89) -> 7
A17: METHODIK & EINSCHRÄNKUNGEN
A18: • Zwei Quellen mit unterschiedlichen Startpunkten — nicht mischen: Pipeline misst ab Auftragseingang in der Excel, AMM ab Registrierung bei AMM.
A19: • AMM-Diff: Auftrag verschwindet aus Snapshot = Lager verlassen. Kann Storno nicht von Versand unterscheiden — Langläufer >45 Tage einzeln prüfen.
A20: • Exit-Datum = Mitte zwischen letztem Snapshot mit Auftrag und erstem ohne → Ø-Unsicherheit siehe oben.
A21: • Median statt Ø für Steuerung verwenden: Vorkasse-Kunden mit Zahlungsverzug verzerren den Durchschnitt stark (Max 101 Tage).
A22: • Kunden-Vergleich fair nur innerhalb gleicher Zahlungsart — Vorkasse wartet systembedingt auf Zahlungseingang.
A23: • Ab sofort exakt messbar: Auftragstool erfasst startedAt → Lieferstatus 'unterwegs' pro Auftrag (keine Snapshot-Unsicherheit).

Sheet Rohdaten AMM
A1: Kunde | B1: AU | C1: Tage | D1: Unsicherheit (Tage)
A2: Outlet Simex D.O.O | B2: AU2026021813401 | C2: 39 | D2: 3
A3: AMY Witgoed | B3: AU2026022313417 | C3: 48 | D3: 2
A4: Enterijer D.O.O. | B4: AU2026022513425 | C4: 66 | D4: 32
A5: SC Gelimpex SRL | B5: AU2026030413445 | C5: 37 | D5: 1
A6: Elvinci.de GmbH | B6: AU2026030614 | C6: 85 | D6: 9
A7: Karakitsos Stock House IKE | B7: AU2026030913462 | C7: 88 | D7: 4
A8: Egzoni Sh.P.K | B8: AU2026031013467 | C8: 21 | D8: 5
A9: Euroda Transport &Handel | B9: AU2026031113475 | C9: 14 | D9: 2
A10: Hermans Trading BV | B10: AU2026032013499 | C10: 12 | D10: 1
A11: Deland Ltd EOOD | B11: AU2026032013500 | C11: 17 | D11: 1
A12: Ovitshop | B12: AU2026032413502 | C12: 81 | D12: 4
A13: Hermans Trading BV | B13: AU2026032413506 | C13: 101 | D13: 7
... A194: SOS Hausgeräte Radtke | B194: S00627 | C194: 9 | D194: 21

Sheet Rohdaten Pipeline
A1: Kunde | B1: AU | C1: Tage
A2: Outlet Simex D.O.O | B2: AU2026010813260 | C2: 4
A3: SIOKOS DIM.GEORGIOS | B3: AU2026010813259 | C3: 4
A4: Simex D.O.O | B4: AU2026010813261 | C4: 8
A5: Simex D.O.O | B5: AU2026010913263 | C5: 8
A6: Kaldi Prime Kft | B6: AU2026010913264 | C6: 6
A7: UAB STEVIJA | B7: AU2026010713257 | C7: 15
A8: AMY Witgoed | B8: AU2026010913267 | C8: 11
A9: Oli Outlet Kft. | B9: AU2026011213269 | C9: 7
A10: NAS ELECTROMENAGER | B10: AU2026011413279 (+ AU2026011413284) | C10: 8
A11: IG international trading GmbH | B11: AU2026011313272 | C11: 7
A12: Alinklizi Almuntaser Billah | B12: AU2026011313273 | C12: 5
A13: Hanseatic Georgia LLC | B13: AU2026011513285 | C13: 5
... A89: IG International | B89: AU2026042313587 | C89: 4

Sheet Kundenliste
A1: Durchlaufzeit je Kunde — Auftrag bis Ware hat Lager verlassen
A2: Hauptquelle: AMM-Snapshot-Diff Apr–Aug 2026 (AMM-Eintrag → Lager-Exit) · Ergänzend: Fulfilment-Pipeline Jan–Apr (Anmeldung → Versand)
A4: Kunde | B4: N (AMM) | C4: Ø Tage (AMM) | D4: Median (AMM) | E4: Max (AMM) | F4: N (Pipeline) | G4: Ø Tage (Pipeline) | H4: Hinweis
A5: Elvinci.de GmbH | B5: =COUNTIFS('Rohdaten AMM'!$A$2:$A$194,$A5) -> 1 | C5: =IFERROR(AVERAGEIFS('Rohdaten AMM'!$C$2:$C$194,'Rohdaten AMM'!$A$2:$A$194,$A5),"") -> 85 | D5: {=MEDIAN(IF('Rohdaten AMM'!$A$2:$A$194=$A5,'Rohdaten AMM'!$C$2:$C$194))} -> 85 | E5: =_xlfn.MAXIFS('Rohdaten AMM'!$C$2:$C$194,'Rohdaten AMM'!$A$2:$A$194,$A5) -> 85 | F5: =COUNTIFS('Rohdaten Pipeline'!$A$2:$A$89,$A5) -> 0 | G5: =IFERROR(AVERAGEIFS('Rohdaten Pipeline'!$C$2:$C$89,'Rohdaten Pipeline'!$A$2:$A$89,$A5),"") | H5: =IF($E5>=45,"Ausreißer prüfen — Storno oder Vorkasse-Wartezeit?",IF($C5>=20,"überdurchschnittlich langsam","")) -> Ausreißer prüfen — Storno oder Vorkasse-Wartezeit?
A6: SC Gelimpex SRL | B6: =COUNTIFS('Rohdaten AMM'!$A$2:$A$194,$A6) -> 1 | C6: =IFERROR(AVERAGEIFS('Rohdaten AMM'!$C$2:$C$194,'Rohdaten AMM'!$A$2:$A$194,$A6),"") -> 37 | D6: {=MEDIAN(IF('Rohdaten AMM'!$A$2:$A$194=$A6,'Rohdaten AMM'!$C$2:$C$194))} -> 37 | E6: =_xlfn.MAXIFS('Rohdaten AMM'!$C$2:$C$194,'Rohdaten AMM'!$A$2:$A$194,$A6) -> 37 | F6: =COUNTIFS('Rohdaten Pipeline'!$A$2:$A$89,$A6) -> 0 | G6: =IFERROR(AVERAGEIFS('Rohdaten Pipeline'!$C$2:$C$89,'Rohdaten Pipeline'!$A$2:$A$89,$A6),"") | H6: =IF($E6>=45,"Ausreißer prüfen — Storno oder Vorkasse-Wartezeit?",IF($C6>=20,"überdurchschnittlich langsam","")) -> überdurchschnittlich langsam
A7: BOSAK Sp z o.o. | B7: =COUNTIFS('Rohdaten AMM'!$A$2:$A$194,$A7) -> 1 | C7: =IFERROR(AVERAGEIFS('Rohdaten AMM'!$C$2:$C$194,'Rohdaten AMM'!$A$2:$A$194,$A7),"") -> 37 | D7: {=MEDIAN(IF('Rohdaten AMM'!$A$2:$A$194=$A7,'Rohdaten AMM'!$C$2:$C$194))} -> 37 | E7: =_xlfn.MAXIFS('Rohdaten AMM'!$C$2:$C$194,'Rohdaten AMM'!$A$2:$A$194,$A7) -> 37 | F7: =COUNTIFS('Rohdaten Pipeline'!$A$2:$A$89,$A7) -> 0 | G7: =IFERROR(AVERAGEIFS('Rohdaten Pipeline'!$C$2:$C$89,'Rohdaten Pipeline'!$A$2:$A$89,$A7),"") | H7: =IF($E7>=45,"Ausreißer prüfen — Storno oder Vorkasse-Wartezeit?",IF($C7>=20,"überdurchschnittlich langsam","")) -> überdurchschnittlich langsam
A8: Karakitsos Stock House IKE | B8: =COUNTIFS('Rohdaten AMM'!$A$2:$A$194,$A8) -> 3 | C8: =IFERROR(AVERAGEIFS('Rohdaten AMM'!$C$2:$C$194,'Rohdaten AMM'!$A$2:$A$194,$A8),"") -> 34.666667 | D8: {=MEDIAN(IF('Rohdaten AMM'!$A$2:$A$194=$A8,'Rohdaten AMM'!$C$2:$C$194))} -> 8 | E8: =_xlfn.MAXIFS('Rohdaten AMM'!$C$2:$C$194,'Rohdaten AMM'!$A$2:$A$194,$A8) -> 88 | F8: =COUNTIFS('Rohdaten Pipeline'!$A$2:$A$89,$A8) -> 2 | G8: =IFERROR(AVERAGEIFS('Rohdaten Pipeline'!$C$2:$C$89,'Rohdaten Pipeline'!$A$2:$A$89,$A8),"") -> 10 | H8: =IF($E8>=45,"Ausreißer prüfen — Storno oder Vorkasse-Wartezeit?",IF($C8>=20,"überdurchschnittlich langsam","")) -> Ausreißer prüfen — Storno oder Vorkasse-Wartezeit?
A9: Enterijer D.O.O. | B9: =COUNTIFS('Rohdaten AMM'!$A$2:$A$194,$A9) -> 2 | C9: =IFERROR(AVERAGEIFS('Rohdaten AMM'!$C$2:$C$194,'Rohdaten AMM'!$A$2:$A$194,$A9),"") -> 34 | D9: {=MEDIAN(IF('Rohdaten AMM'!$A$2:$A$194=$A9,'Rohdaten AMM'!$C$2:$C$194))} -> 34 | E9: =_xlfn.MAXIFS('Rohdaten AMM'!$C$2:$C$194,'Rohdaten AMM'!$A$2:$A$194,$A9) -> 66 | F9: =COUNTIFS('Rohdaten Pipeline'!$A$2:$A$89,$A9) -> 1 | G9: =IFERROR(AVERAGEIFS('Rohdaten Pipeline'!$C$2:$C$89,'Rohdaten Pipeline'!$A$2:$A$89,$A9),"") -> 12 | H9: =IF($E9>=45,"Ausreißer prüfen — Storno oder Vorkasse-Wartezeit?",IF($C9>=20,"überdurchschnittlich langsam","")) -> Ausreißer prüfen — Storno oder Vorkasse-Wartezeit?
A10: Techno Planet LTD | B10: =COUNTIFS('Rohdaten AMM'!$A$2:$A$194,$A10) -> 1 | C10: =IFERROR(AVERAGEIFS('Rohdaten AMM'!$C$2:$C$194,'Rohdaten AMM'!$A$2:$A$194,$A10),"") -> 30 | D10: {=MEDIAN(IF('Rohdaten AMM'!$A$2:$A$194=$A10,'Rohdaten AMM'!$C$2:$C$194))} -> 30 | E10: =_xlfn.MAXIFS('Rohdaten AMM'!$C$2:$C$194,'Rohdaten AMM'!$A$2:$A$194,$A10) -> 30 | F10: =COUNTIFS('Rohdaten Pipeline'!$A$2:$A$89,$A10) -> 0 | G10: =IFERROR(AVERAGEIFS('Rohdaten Pipeline'!$C$2:$C$89,'Rohdaten Pipeline'!$A$2:$A$89,$A10),"") | H10: =IF($E10>=45,"Ausreißer prüfen — Storno oder Vorkasse-Wartezeit?",IF($C10>=20,"überdurchschnittlich langsam","")) -> überdurchschnittlich langsam
A11: Euroda Transport &Handel | B11: =COUNTIFS('Rohdaten AMM'!$A$2:$A$194,$A11) -> 2 | C11: =IFERROR(AVERAGEIFS('Rohdaten AMM'!$C$2:$C$194,'Rohdaten AMM'!$A$2:$A$194,$A11),"") -> 29.5 | D11: {=MEDIAN(IF('Rohdaten AMM'!$A$2:$A$194=$A11,'Rohdaten AMM'!$C$2:$C$194))} -> 29.5 | E11: =_xlfn.MAXIFS('Rohdaten AMM'!$C$2:$C$194,'Rohdaten AMM'!$A$2:$A$194,$A11) -> 45 | F11: =COUNTIFS('Rohdaten Pipeline'!$A$2:$A$89,$A11) -> 0 | G11: =IFERROR(AVERAGEIFS('Rohdaten Pipeline'!$C$2:$C$89,'Rohdaten Pipeline'!$A$2:$A$89,$A11),"") | H11: =IF($E11>=45,"Ausreißer prüfen — Storno oder Vorkasse-Wartezeit?",IF($C11>=20,"überdurchschnittlich langsam","")) -> Ausreißer prüfen — Storno oder Vorkasse-Wartezeit?
A12: AMY Witgoed | B12: =COUNTIFS('Rohdaten AMM'!$A$2:$A$194,$A12) -> 4 | C12: =IFERROR(AVERAGEIFS('Rohdaten AMM'!$C$2:$C$194,'Rohdaten AMM'!$A$2:$A$194,$A12),"") -> 26 | D12: {=MEDIAN(IF('Rohdaten AMM'!$A$2:$A$194=$A12,'Rohdaten AMM'!$C$2:$C$194))} -> 26 | E12: =_xlfn.MAXIFS('Rohdaten AMM'!$C$2:$C$194,'Rohdaten AMM'!$A$2:$A$194,$A12) -> 48 | F12: =COUNTIFS('Rohdaten Pipeline'!$A$2:$A$89,$A12) -> 2 | G12: =IFERROR(AVERAGEIFS('Rohdaten Pipeline'!$C$2:$C$89,'Rohdaten Pipeline'!$A$2:$A$89,$A12),"") -> 7.5 | H12: =IF($E12>=45,"Ausreißer prüfen — Storno oder Vorkasse-Wartezeit?",IF($C12>=20,"überdurchschnittlich langsam","")) -> Ausreißer prüfen — Storno oder Vorkasse-Wartezeit?
A13: Outlet Mebeli Ltd | B13: =COUNTIFS('Rohdaten AMM'!$A$2:$A$194,$A13) -> 2 | C13: =IFERROR(AVERAGEIFS('Rohdaten AMM'!$C$2:$C$194,'Rohdaten AMM'!$A$2:$A$194,$A13),"") -> 25 | D13: {=MEDIAN(IF('Rohdaten AMM'!$A$2:$A$194=$A13,'Rohdaten AMM'!$C$2:$C$194))} -> 25 | E13: =_xlfn.MAXIFS('Rohdaten AMM'!$C$2:$C$194,'Rohdaten AMM'!$A$2:$A$194,$A13) -> 36 | F13: =COUNTIFS('Rohdaten Pipeline'!$A$2:$A$89,$A13) -> 1 | G13: =IFERROR(AVERAGEIFS('Rohdaten Pipeline'!$C$2:$C$89,'Rohdaten Pipeline'!$A$2:$A$89,$A13),"") -> 8 | H13: =IF($E13>=45,"Ausreißer prüfen — Storno oder Vorkasse-Wartezeit?",IF($C13>=20,"überdurchschnittlich langsam","")) -> überdurchschnittlich langsam
A14: Hermans Trading BV | B14: =COUNTIFS('Rohdaten AMM'!$A$2:$A$194,$A14) -> 7 | C14: =IFERROR(AVERAGEIFS('Rohdaten AMM'!$C$2:$C$194,'Rohdaten AMM'!$A$2:$A$194,$A14),"") -> 23.571429 | D14: {=MEDIAN(IF('Rohdaten AMM'!$A$2:$A$194=$A14,'Rohdaten AMM'!$C$2:$C$194))} -> 12 | E14: =_xlfn.MAXIFS('Rohdaten AMM'!$C$2:$C$194,'Rohdaten AMM'!$A$2:$A$194,$A14) -> 101 | F14: =COUNTIFS('Rohdaten Pipeline'!$A$2:$A$89,$A14) -> 0 | G14: =IFERROR(AVERAGEIFS('Rohdaten Pipeline'!$C$2:$C$89,'Rohdaten Pipeline'!$A$2:$A$89,$A14),"") | H14: =IF($E14>=45,"Ausreißer prüfen — Storno oder Vorkasse-Wartezeit?",IF($C14>=20,"überdurchschnittlich langsam","")) -> Ausreißer prüfen — Storno oder Vorkasse-Wartezeit?
A15: GGY Trade s.r.o. | B15: =COUNTIFS('Rohdaten AMM'!$A$2:$A$194,$A15) -> 2 | C15: =IFERROR(AVERAGEIFS('Rohdaten AMM'!$C$2:$C$194,'Rohdaten AMM'!$A$2:$A$194,$A15),"") -> 22 | D15: {=MEDIAN(IF('Rohdaten AMM'!$A$2:$A$194=$A15,'Rohdaten AMM'!$C$2:$C$194))} -> 22 | E15: =_xlfn.MAXIFS('Rohdaten AMM'!$C$2:$C$194,'Rohdaten AMM'!$A$2:$A$194,$A15) -> 27 | F15: =COUNTIFS('Rohdaten Pipeline'!$A$2:$A$89,$A15) -> 0 | G15: =IFERROR(AVERAGEIFS('Rohdaten Pipeline'!$C$2:$C$89,'Rohdaten Pipeline'!$A$2:$A$89,$A15),"") | H15: =IF($E15>=45,"Ausreißer prüfen — Storno oder Vorkasse-Wartezeit?",IF($C15>=20,"überdurchschnittlich langsam","")) -> überdurchschnittlich langsam
A16: UAB STEVIJA | B16: =COUNTIFS('Rohdaten AMM'!$A$2:$A$194,$A16) -> 6 | C16: =IFERROR(AVERAGEIFS('Rohdaten AMM'!$C$2:$C$194,'Rohdaten AMM'!$A$2:$A$194,$A16),"") -> 20.666667 | D16: {=MEDIAN(IF('Rohdaten AMM'!$A$2:$A$194=$A16,'Rohdaten AMM'!$C$2:$C$194))} -> 20.5 | E16: =_xlfn.MAXIFS('Rohdaten AMM'!$C$2:$C$194,'Rohdaten AMM'!$A$2:$A$194,$A16) -> 31 | F16: =COUNTIFS('Rohdaten Pipeline'!$A$2:$A$89,$A16) -> 2 | G16: =IFERROR(AVERAGEIFS('Rohdaten Pipeline'!$C$2:$C$89,'Rohdaten Pipeline'!$A$2:$A$89,$A16),"") -> 10 | H16: =IF($E16>=45,"Ausreißer prüfen — Storno oder Vorkasse-Wartezeit?",IF($C16>=20,"überdurchschnittlich langsam","")) -> überdurchschnittlich langsam
... A83: Sam Schotte | B83: =COUNTIFS('Rohdaten AMM'!$A$2:$A$194,$A83) -> 1 | C83: =IFERROR(AVERAGEIFS('Rohdaten AMM'!$C$2:$C$194,'Rohdaten AMM'!$A$2:$A$194,$A83),"") -> 1 | D83: {=MEDIAN(IF('Rohdaten AMM'!$A$2:$A$194=$A83,'Rohdaten AMM'!$C$2:$C$194))} -> 1 | E83: =_xlfn.MAXIFS('Rohdaten AMM'!$C$2:$C$194,'Rohdaten AMM'!$A$2:$A$194,$A83) -> 1 | F83: =COUNTIFS('Rohdaten Pipeline'!$A$2:$A$89,$A83) -> 0 | G83: =IFERROR(AVERAGEIFS('Rohdaten Pipeline'!$C$2:$C$89,'Rohdaten Pipeline'!$A$2:$A$89,$A83),"") | H83: =IF($E83>=45,"Ausreißer prüfen — Storno oder Vorkasse-Wartezeit?",IF($C83>=20,"überdurchschnittlich langsam",""))
